-- --------------------------------------------------------
-- Host:                         127.0.0.1
-- Versión del servidor:         5.7.21 - MySQL Community Server (GPL)
-- SO del servidor:              Win64
-- HeidiSQL Versión:             10.2.0.5599
-- --------------------------------------------------------

/*!40101 SET @OLD_CHARACTER_SET_CLIENT=@@CHARACTER_SET_CLIENT */;
/*!40101 SET NAMES utf8 */;
/*!50503 SET NAMES utf8mb4 */;
/*!40014 SET @OLD_FOREIGN_KEY_CHECKS=@@FOREIGN_KEY_CHECKS, FOREIGN_KEY_CHECKS=0 */;
/*!40101 SET @OLD_SQL_MODE=@@SQL_MODE, SQL_MODE='NO_AUTO_VALUE_ON_ZERO' */;


-- Volcando estructura de base de datos para facelec
CREATE DATABASE IF NOT EXISTS `facelec` /*!40100 DEFAULT CHARACTER SET utf8 */;
USE `facelec`;

-- Volcando estructura para tabla facelec.badge
CREATE TABLE IF NOT EXISTS `badge` (
  `BadgeID` varchar(10) NOT NULL COMMENT 'Divisa monetaria',
  `Name` varchar(20) NOT NULL COMMENT 'Nombre de Moneda',
  `BadgeValue` double NOT NULL DEFAULT '0' COMMENT 'Valor de la tasa de cambio',
  PRIMARY KEY (`BadgeID`)
) ENGINE=InnoDB DEFAULT CHARSET=utf8 COMMENT='Tabla de divisas monetaria';

-- Volcando datos para la tabla facelec.badge: ~2 rows (aproximadamente)
/*!40000 ALTER TABLE `badge` DISABLE KEYS */;
INSERT INTO `badge` (`BadgeID`, `Name`, `BadgeValue`) VALUES
	('GTQ', 'Quetzales', 1),
	('USD', 'Dolares', 7.86);
/*!40000 ALTER TABLE `badge` ENABLE KEYS */;

-- Volcando estructura para tabla facelec.corrdocument
CREATE TABLE IF NOT EXISTS `corrdocument` (
  `Resolucion` varchar(100) NOT NULL COMMENT 'Resolucion de autorizacion para emision de documentos',
  `ProviderID` int(11) NOT NULL COMMENT 'ID del proveedor del servicio',
  `Fecha` date NOT NULL COMMENT 'Fecha de ingreso de resolucion',
  `Documento` varchar(10) NOT NULL COMMENT 'Documento emitido',
  `Serie` varchar(50) NOT NULL COMMENT 'Serie unica de los documentos',
  `Desde` int(11) NOT NULL COMMENT 'Inicio de los correlativos de los documentos',
  `Hasta` int(11) NOT NULL COMMENT 'Final de los correlativos de los documentos',
  `Ultimo` int(11) NOT NULL COMMENT 'Ultimo documento Generado',
  `Liquidado` int(1) NOT NULL DEFAULT '0' COMMENT 'Bandera si los correlativos han sido liquidados',
  `Formato` int(11) NOT NULL COMMENT 'Formato asignado para los correlativos',
  PRIMARY KEY (`Resolucion`),
  KEY `ProviderID` (`ProviderID`),
  KEY `Documento` (`Documento`)
) ENGINE=InnoDB DEFAULT CHARSET=utf8 COMMENT='Tabla de control de correlativos y consecutivos de documentos electronicos';

-- Volcando datos para la tabla facelec.corrdocument: ~2 rows (aproximadamente)
/*!40000 ALTER TABLE `corrdocument` DISABLE KEYS */;
INSERT INTO `corrdocument` (`Resolucion`, `ProviderID`, `Fecha`, `Documento`, `Serie`, `Desde`, `Hasta`, `Ultimo`, `Liquidado`, `Formato`) VALUES
	('2017-5-PRUEBA-0343', 1, '2019-07-13', 'F', 'DADAFC', 1, 1000, 26, 0, 1),
	('2019-PRUEBA-ESET-1', 3, '2019-08-19', 'FACE', 'PRUEBA', 1, 1000, 8, 0, 1);
/*!40000 ALTER TABLE `corrdocument` ENABLE KEYS */;

-- Volcando estructura para tabla facelec.docformat
CREATE TABLE IF NOT EXISTS `docformat` (
  `FormatID` int(11) NOT NULL,
  `Document` varchar(10) NOT NULL COMMENT 'ID de Documento de Emision',
  `FormatName` varchar(100) NOT NULL COMMENT 'Nombre del formato de impresion en sistema',
  `Active` int(1) NOT NULL DEFAULT '0' COMMENT 'Bandera de formato activo por documento',
  PRIMARY KEY (`FormatID`),
  KEY `Document` (`Document`)
) ENGINE=InnoDB DEFAULT CHARSET=utf8 COMMENT='Tabla de referencia de formatos de impresion de documento';

-- Volcando datos para la tabla facelec.docformat: ~0 rows (aproximadamente)
/*!40000 ALTER TABLE `docformat` DISABLE KEYS */;
INSERT INTO `docformat` (`FormatID`, `Document`, `FormatName`, `Active`) VALUES
	(1, 'F', 'rpt_factura', 1);
/*!40000 ALTER TABLE `docformat` ENABLE KEYS */;

-- Volcando estructura para tabla facelec.documentdetail
CREATE TABLE IF NOT EXISTS `documentdetail` (
  `Resolucion` varchar(100) NOT NULL COMMENT 'Resolucion que pertenece el documento',
  `Documento` varchar(10) NOT NULL COMMENT 'Tipo de documento emitido',
  `Serie` varchar(50) NOT NULL COMMENT 'Serie del documento que se emite',
  `DocNo` int(11) NOT NULL COMMENT 'Numero de documento correlativo',
  `Linea` int(11) NOT NULL COMMENT 'Correlarivo de linea de detalle de documento',
  `Codigo` varchar(50) NOT NULL COMMENT 'Codigo de item de documento',
  `Descripcion` varchar(150) NOT NULL COMMENT 'Descripcion de item de documento',
  `Tipo` varchar(10) NOT NULL COMMENT 'Tipo de item que se está registrando (Producto / Servicio / etc)',
  `Metrica` varchar(10) NOT NULL COMMENT 'Unidad de medicion del item',
  `Cantidad` double NOT NULL COMMENT 'Cantidad de venta del item',
  `PrecioUnitario` double NOT NULL COMMENT 'Precio Unitario de item segun metrica',
  `Importe` double NOT NULL COMMENT 'Valor de importe de item',
  `IVA` double NOT NULL COMMENT 'Valor de IVA de item',
  `Total` double NOT NULL COMMENT 'Valor total de item',
  `Exento` int(1) NOT NULL DEFAULT '0' COMMENT 'Bandera de verificacion de aplicacion de Exento',
  `Parametros` text COMMENT 'Parametros extra guardados como opcionales para la linea de documento',
  PRIMARY KEY (`Resolucion`,`Documento`,`Serie`,`DocNo`,`Linea`)
) ENGINE=InnoDB DEFAULT CHARSET=utf8 COMMENT='Tabla detalle de documento electronico';

-- Volcando datos para la tabla facelec.documentdetail: ~6 rows (aproximadamente)
/*!40000 ALTER TABLE `documentdetail` DISABLE KEYS */;
INSERT INTO `documentdetail` (`Resolucion`, `Documento`, `Serie`, `DocNo`, `Linea`, `Codigo`, `Descripcion`, `Tipo`, `Metrica`, `Cantidad`, `PrecioUnitario`, `Importe`, `IVA`, `Total`, `Exento`, `Parametros`) VALUES
	('2017-5-PRUEBA-0343', 'F', 'DADAFC', 24, 1, 'M', 'MEDICINA', 'BIEN', 'UNI', 2, 5.6, 11.2, 1.2, 11.2, 0, NULL),
	('2017-5-PRUEBA-0343', 'F', 'DADAFC', 25, 1, 'M', 'MEDICINA', 'BIEN', 'UNI', 2, 5.6, 11.2, 1.2, 11.2, 0, NULL),
	('2017-5-PRUEBA-0343', 'F', 'DADAFC', 26, 1, 'M', 'MEDICINA', 'BIEN', 'UNI', 2, 5.6, 11.2, 1.2, 11.2, 0, NULL),
	('2017-5-PRUEBA-0343', 'F', 'DADAFC', 38, 1, 'M', 'MEDICINA', 'BIEN', 'UNI', 2, 5.6, 11.2, 1.2, 11.2, 0, NULL),
	('2019-PRUEBA-ESET-1', 'FACE', 'PRUEBA', 3, 1, 'M', 'MEDICINA', 'BIEN', 'UNI', 2, 5.6, 11.2, 1.2, 11.2, 0, NULL),
	('2019-PRUEBA-ESET-1', 'FACE', 'PRUEBA', 7, 1, 'M', 'MEDICINA', 'BIEN', 'UNI', 2, 5.6, 11.2, 1.2, 11.2, 0, NULL);
/*!40000 ALTER TABLE `documentdetail` ENABLE KEYS */;

-- Volcando estructura para tabla facelec.documentheader
CREATE TABLE IF NOT EXISTS `documentheader` (
  `Resolucion` varchar(100) NOT NULL COMMENT 'Resolucion que pertenece el documento',
  `Documento` varchar(10) NOT NULL COMMENT 'Tipo de documento emitido',
  `Serie` varchar(50) NOT NULL COMMENT 'Serie del documento que se emite',
  `DocNo` int(11) NOT NULL COMMENT 'Numero de documento correlativo',
  `ReferenciaDoc` varchar(50) NOT NULL COMMENT 'Referencia de sistema del documento generado en caso no ser igual al electronico',
  `CountryID` int(11) NOT NULL COMMENT 'ID de Pais de origen',
  `Fecha` date NOT NULL COMMENT 'Fecha de emision',
  `Empresa` varchar(50) NOT NULL COMMENT 'ID de autorizacion de empresa para enviar el documento',
  `Sucursal` int(11) NOT NULL COMMENT 'Codigo de sucursal de emision',
  `Caja` int(11) NOT NULL COMMENT 'Numero de Caja de emision',
  `Usuario` varchar(50) NOT NULL COMMENT 'Usuario que emite el documento',
  `Divisa` varchar(10) NOT NULL COMMENT 'Moneda reflejada en los valores del documento',
  `TasaCambio` double NOT NULL DEFAULT '1' COMMENT 'Valor de tasa de cambio del documento',
  `TipoGeneracion` varchar(5) NOT NULL COMMENT 'Tipo de Generacion de documento',
  `NombreCliente` varchar(250) NOT NULL COMMENT 'Nombre de Cliente del documento',
  `DireccionCliente` varchar(400) NOT NULL COMMENT 'Direccion de Cliente',
  `NITCliente` varchar(20) NOT NULL COMMENT 'NIT de Cliente',
  `ValorNeto` double NOT NULL DEFAULT '0' COMMENT 'Valor neto del documento',
  `IVA` double NOT NULL DEFAULT '0' COMMENT 'Valor de IVA del documento',
  `Descuento` double NOT NULL DEFAULT '0' COMMENT 'Valor de descuento del documento',
  `Exento` double NOT NULL DEFAULT '0' COMMENT 'Valor de exento del documento',
  `Total` double NOT NULL DEFAULT '0' COMMENT 'Total Documento',
  `FechaEmision` datetime NOT NULL COMMENT 'Fecha y Hora de emision de documento',
  `UsuarioEmision` varchar(25) NOT NULL COMMENT 'Usuario de emision del documento',
  `Estado` int(11) NOT NULL DEFAULT '0' COMMENT 'Estado del documento 0 Ingresado 1 Registrado 2 Anulado',
  `Observacion` varchar(500) DEFAULT NULL COMMENT 'Comentarios adicionales',
  `Revisado` int(1) NOT NULL DEFAULT '0' COMMENT 'Bandera de revision de documento antes de registro',
  `FechaRevision` datetime DEFAULT NULL COMMENT 'Fecha y hora de revision de documento',
  `UsuarioRevision` varchar(25) DEFAULT NULL COMMENT 'Usuario de revision de documento',
  `Registrado` int(1) NOT NULL DEFAULT '0' COMMENT 'Bandera de registro de documento',
  `FechaRegistro` datetime DEFAULT NULL COMMENT 'Fecha y hora de registro de documento',
  `UsuarioRegistro` varchar(25) DEFAULT NULL COMMENT 'Usuario de registro de documento',
  `FechaAnulacion` datetime DEFAULT NULL COMMENT 'Fecha y hora de anulacion de documento',
  `UsuarioAnulacion` varchar(25) DEFAULT NULL COMMENT 'Usuario de Anulacion de documento',
  `CAE` varchar(1000) DEFAULT NULL COMMENT 'Referencia CAE',
  `CAEC` varchar(1000) DEFAULT NULL COMMENT 'Referencia CAEC',
  `RefDocTributario` varchar(300) DEFAULT NULL COMMENT 'Referencia de Documento por parte del Ente tributario',
  `DocumentPath` varchar(500) DEFAULT NULL COMMENT 'URL de guardado de documento Archivo digital',
  `Parametros` text COMMENT 'Parametros extra guardados como opcionales para el documento',
  PRIMARY KEY (`Resolucion`,`Documento`,`Serie`,`DocNo`),
  KEY `CountryID` (`CountryID`),
  KEY `Documento` (`Documento`)
) ENGINE=InnoDB DEFAULT CHARSET=utf8 COMMENT='Tabla de encabezado de documento electronico';

-- Volcando datos para la tabla facelec.documentheader: ~3 rows (aproximadamente)
/*!40000 ALTER TABLE `documentheader` DISABLE KEYS */;
INSERT INTO `documentheader` (`Resolucion`, `Documento`, `Serie`, `DocNo`, `ReferenciaDoc`, `CountryID`, `Fecha`, `Empresa`, `Sucursal`, `Caja`, `Usuario`, `Divisa`, `TasaCambio`, `TipoGeneracion`, `NombreCliente`, `DireccionCliente`, `NITCliente`, `ValorNeto`, `IVA`, `Descuento`, `Exento`, `Total`, `FechaEmision`, `UsuarioEmision`, `Estado`, `Observacion`, `Revisado`, `FechaRevision`, `UsuarioRevision`, `Registrado`, `FechaRegistro`, `UsuarioRegistro`, `FechaAnulacion`, `UsuarioAnulacion`, `CAE`, `CAEC`, `RefDocTributario`, `DocumentPath`, `Parametros`) VALUES
	('2017-5-PRUEBA-0343', 'F', 'DADAFC', 24, 'FC 22', 1, '2019-07-02', '1003', 1, 1, 'USUARIO', 'GTQ', 1, 'O', 'FULANO', 'LA MISMA', '67172', 10, 1.2, 0, 0, 11.2, '2019-07-02 16:13:32', 'USUARIO', 0, NULL, 0, NULL, NULL, 0, NULL, NULL, NULL, NULL, NULL, NULL, NULL, NULL, NULL),
	('2017-5-PRUEBA-0343', 'F', 'DADAFC', 25, 'FC 22', 1, '2019-07-02', '1003', 1, 1, 'USUARIO', 'GTQ', 1, 'O', 'FULANO', 'LA MISMA', '67172', 10, 1.2, 0, 0, 11.2, '2019-07-02 16:13:32', 'USUARIO', 2, NULL, 0, NULL, NULL, 0, NULL, NULL, '2019-07-21 19:10:43', 'USUARIO', NULL, NULL, NULL, NULL, NULL),
	('2017-5-PRUEBA-0343', 'F', 'DADAFC', 26, 'FC 22', 1, '2019-07-02', '1003', 1, 1, 'USUARIO', 'GTQ', 1, 'O', 'FULANO', 'LA MISMA', '67172', 10, 1.2, 0, 0, 11.2, '2019-07-02 16:13:32', 'USUARIO', 2, NULL, 0, NULL, NULL, 0, NULL, NULL, '2019-07-21 19:09:09', 'USUARIO', NULL, NULL, NULL, NULL, NULL),
	('2017-5-PRUEBA-0343', 'F', 'DADAFC', 38, 'FC 22', 1, '2019-07-02', '1003', 1, 1, 'USUARIO', 'GTQ', 1, 'O', 'FULANO', 'LA MISMA', '67172', 10, 1.2, 0, 0, 11.2, '2019-07-02 16:13:32', 'USUARIO', 1, NULL, 0, NULL, NULL, 1, '2019-07-16 11:52:20', 'USUARIO', NULL, NULL, NULL, NULL, 'FACE-66-DADAFC-001', 'documentos/FacturasDigitales/SV/2017-5-PRUEBA-0343FDADAFC38.pdf', NULL),
	('2019-PRUEBA-ESET-1', 'FACE', 'PRUEBA', 3, 'FACE 3', 1, '2019-08-19', '1', 1, 1, 'USUARIO', 'GTQ', 1, 'O', 'FULANO', 'LA MISMA', '67172', 10, 1.2, 0, 0, 11.2, '2019-08-19 15:42:55', 'USUARIO', 2, 'PRUEBA DE ANULACION', 0, NULL, NULL, 1, '2019-08-19 17:11:39', 'USUARIO', '2019-08-29 09:51:46', 'USUARIO', NULL, NULL, NULL, 'documentos/FacturasDigitales/SV/2019-PRUEBA-ESET-1FACEPRUEBA3.pdf', NULL),
	('2019-PRUEBA-ESET-1', 'FACE', 'PRUEBA', 7, 'FACE 3', 1, '2019-08-29', '1', 1, 1, 'USUARIO', 'GTQ', 1, 'O', 'FULANO', 'LA MISMA', '67172', 10, 1.2, 0, 0, 11.2, '2019-08-19 15:42:55', 'USUARIO', 1, NULL, 0, NULL, NULL, 1, '2019-08-29 11:53:31', 'USUARIO', '2019-08-29 09:51:46', 'USUARIO', NULL, NULL, 'FACE-63-PRUEBA-001-190000000007', 'documentos/FacturasDigitales/SV/2019-PRUEBA-ESET-1FACEPRUEBA7.pdf', NULL);
/*!40000 ALTER TABLE `documentheader` ENABLE KEYS */;

-- Volcando estructura para tabla facelec.eleccountry
CREATE TABLE IF NOT EXISTS `eleccountry` (
  `CountryID` int(11) NOT NULL AUTO_INCREMENT,
  `Name` varchar(100) NOT NULL COMMENT 'Nombre de pais',
  `BadgeID` varchar(10) NOT NULL COMMENT 'Divisa por defecto utilizada en el pais',
  PRIMARY KEY (`CountryID`),
  KEY `BadgeID` (`BadgeID`)
) ENGINE=InnoDB AUTO_INCREMENT=3 DEFAULT CHARSET=utf8 COMMENT='Tabla de paises con facturacion electronica';

-- Volcando datos para la tabla facelec.eleccountry: ~2 rows (aproximadamente)
/*!40000 ALTER TABLE `eleccountry` DISABLE KEYS */;
INSERT INTO `eleccountry` (`CountryID`, `Name`, `BadgeID`) VALUES
	(1, 'El Salvador', 'USD'),
	(2, 'Guatemala', 'GTQ');
/*!40000 ALTER TABLE `eleccountry` ENABLE KEYS */;

-- Volcando estructura para tabla facelec.elecdocs
CREATE TABLE IF NOT EXISTS `elecdocs` (
  `Document` varchar(10) NOT NULL COMMENT 'Codigo de documento de emision',
  `Descrip` varchar(100) NOT NULL COMMENT 'Nombre de documento de emision',
  PRIMARY KEY (`Document`)
) ENGINE=InnoDB DEFAULT CHARSET=utf8 COMMENT='Tabla de categorizacion de documentos electronicos';

-- Volcando datos para la tabla facelec.elecdocs: ~0 rows (aproximadamente)
/*!40000 ALTER TABLE `elecdocs` DISABLE KEYS */;
INSERT INTO `elecdocs` (`Document`, `Descrip`) VALUES
	('F', 'Factura');
/*!40000 ALTER TABLE `elecdocs` ENABLE KEYS */;

-- Volcando estructura para tabla facelec.logelecdocument
CREATE TABLE IF NOT EXISTS `logelecdocument` (
  `idTransaccion` int(11) NOT NULL AUTO_INCREMENT,
  `Fecha` datetime NOT NULL COMMENT 'Fecha de Transaccion',
  `Usuario` varchar(25) NOT NULL COMMENT 'Usuario que ejecuta',
  `HostName` varchar(100) DEFAULT NULL COMMENT 'Nombre del Equipo',
  `IpAddresses` varchar(100) DEFAULT NULL COMMENT 'Direccion IP Asignada',
  `MacAddresses` varchar(100) DEFAULT NULL COMMENT 'MAC Address del Equipo',
  `ServiceUrl` varchar(500) NOT NULL COMMENT 'URL del WS solicitado',
  `FunctionName` varchar(50) NOT NULL COMMENT 'Funcion de Servicio que se ejecuto',
  `Resolucion` varchar(20) NOT NULL COMMENT 'Resolucion de documento generado',
  `Documento` varchar(10) NOT NULL COMMENT 'Tipo de documento generado',
  `Serie` varchar(50) NOT NULL COMMENT 'Serie de documento generado',
  `DocNo` int(11) NOT NULL COMMENT 'Correlativo de documento generado',
  `XmlData` text COMMENT 'Datos XML enviados a proveedor',
  `OtherParameters` text COMMENT 'Parametros extra a guardar',
  `Resultado` bit(1) NOT NULL COMMENT 'Bandera de respuesta de proveedor de servicio',
  `Descripcion` varchar(500) DEFAULT NULL COMMENT 'Mensaje de respuesta del proveedor de servicio',
  `Respuesta` text COMMENT 'Datos XML de respuesta de proveedor de servicio',
  `DocTrib` text COMMENT 'Llave de referencia de documento tributario generado',
  `CAE` text COMMENT 'Llave de referencia de autorizacion de emision',
  `CAEC` text COMMENT 'Llave de referencia de autorizacion de emision de copia',
  `OtherResponse` text COMMENT 'Parametros extra de proveedor a guardar',
  PRIMARY KEY (`idTransaccion`)
) ENGINE=InnoDB AUTO_INCREMENT=39 DEFAULT CHARSET=utf8 COMMENT='bitacora de transacciones de facturas digital con la empresa encargada';

-- Volcando datos para la tabla facelec.logelecdocument: ~38 rows (aproximadamente)
/*!40000 ALTER TABLE `logelecdocument` DISABLE KEYS */;
INSERT INTO `logelecdocument` (`idTransaccion`, `Fecha`, `Usuario`, `HostName`, `IpAddresses`, `MacAddresses`, `ServiceUrl`, `FunctionName`, `Resolucion`, `Documento`, `Serie`, `DocNo`, `XmlData`, `OtherParameters`, `Resultado`, `Descripcion`, `Respuesta`, `DocTrib`, `CAE`, `CAEC`, `OtherResponse`) VALUES
	(1, '2019-07-13 00:00:00', 'USUARIO', 'XMART-LAPTOP', '192.168.1.8', '3c-95-09-78-f4-b7', 'https://www.ifacere.com/lineapruebas/sso_wsefactura.asmx', 'RegistraFacturaXML_PDF', '2017-5-PRUEBA-0343', 'F', 'DADAFC', 26, '<?xml version="1.0" encoding="utf-8"?><FACTURA><ENCABEZADO><NOFACTURA>26</NOFACTURA><RESOLUCION>2017-5-PRUEBA-0343</RESOLUCION><IDSERIE>DADAFC</IDSERIE><EMPRESA>1003</EMPRESA><SUCURSAL>1</SUCURSAL><CAJA>1</CAJA><USUARIO>USUARIO</USUARIO><MONEDA>GTQ</MONEDA><TASACAMBIO>1</TASACAMBIO><GENERACION>O</GENERACION><FECHAEMISION>02/07/2019</FECHAEMISION><NOMBRECONTRIBUYENTE><!`CDATA`FULANO`></NOMBRECONTRIBUYENTE><DIRECCIONCONTRIBUYENTE><!`CDATA`LA MISMA`></DIRECCIONCONTRIBUYENTE><NITCONTRIBUYENTE>67172</NITCONTRIBUYENTE><VALORNETO>10.00</VALORNETO><IVA>1.20</IVA><TOTAL>11.20</TOTAL><DESCUENTO>0.00</DESCUENTO><EXENTO>0.00</EXENTO></ENCABEZADO><OPCIONAL><TOTAL_LETRAS><!`CDATA`ONCE 20/100 QUETZALES`></TOTAL_LETRAS></OPCIONAL><DETALLE><LINEA><CANTIDAD>2</CANTIDAD><DESCRIPCION><!`CDATA`MEDICINA`></DESCRIPCION><METRICA>UNI</METRICA><PRECIOUNITARIO>5.60</PRECIOUNITARIO><VALOR>11.20</VALOR><TIPO_PRODUCTO><!`CDATA`BIEN`></TIPO_PRODUCTO><EXENTO><!`CDATA`N`></EXENTO><DETALLE1>M</DETALLE1></LINEA></DETALLE></FACTURA>', NULL, b'0', 'Error en la generación de factura `El documento ya se encuentra registrado`', NULL, NULL, NULL, NULL, NULL),
	(2, '2019-07-13 00:00:00', 'USUARIO', 'XMART-LAPTOP', '192.168.1.8', '3c-95-09-78-f4-b7', 'https://www.ifacere.com/lineapruebas/sso_wsefactura.asmx', 'RegistraFacturaXML_PDF', '2017-5-PRUEBA-0343', 'F', 'DADAFC', 27, '<?xml version="1.0" encoding="utf-8"?><FACTURA><ENCABEZADO><NOFACTURA>27</NOFACTURA><RESOLUCION>2017-5-PRUEBA-0343</RESOLUCION><IDSERIE>DADAFC</IDSERIE><EMPRESA>1003</EMPRESA><SUCURSAL>1</SUCURSAL><CAJA>1</CAJA><USUARIO>USUARIO</USUARIO><MONEDA>GTQ</MONEDA><TASACAMBIO>1</TASACAMBIO><GENERACION>O</GENERACION><FECHAEMISION>02/07/2019</FECHAEMISION><NOMBRECONTRIBUYENTE><!`CDATA`FULANO`></NOMBRECONTRIBUYENTE><DIRECCIONCONTRIBUYENTE><!`CDATA`LA MISMA`></DIRECCIONCONTRIBUYENTE><NITCONTRIBUYENTE>67172</NITCONTRIBUYENTE><VALORNETO>10.00</VALORNETO><IVA>1.20</IVA><TOTAL>11.20</TOTAL><DESCUENTO>0.00</DESCUENTO><EXENTO>0.00</EXENTO></ENCABEZADO><OPCIONAL><TOTAL_LETRAS><!`CDATA`ONCE 20/100 QUETZALES`></TOTAL_LETRAS></OPCIONAL><DETALLE><LINEA><CANTIDAD>2</CANTIDAD><DESCRIPCION><!`CDATA`MEDICINA`></DESCRIPCION><METRICA>UNI</METRICA><PRECIOUNITARIO>5.60</PRECIOUNITARIO><VALOR>11.20</VALOR><TIPO_PRODUCTO><!`CDATA`BIEN`></TIPO_PRODUCTO><EXENTO><!`CDATA`N`></EXENTO><DETALLE1>M</DETALLE1></LINEA></DETALLE></FACTURA>', NULL, b'1', 'Factura #27 de la serie "DADAFC", según resolución 2017-5-PRUEBA-0343, fue registrada exitosamente', NULL, 'FACE-66-DADAFC-001', 'i8YvtA7cDbY3dDf2cZnpaA8YLsw6VOq9LNtreSjWjQ9D7tXTD8XNGCeNha1u6JEGWRLIX9u96WH9uch1Za8NSuKnRf9bbIFXunsrdw4qSVwe29IKSZsKBTYUZtFzrgDx', NULL, NULL),
	(3, '2019-07-13 00:00:00', 'USUARIO', 'XMART-LAPTOP', '192.168.1.8', '3c-95-09-78-f4-b7', 'https://www.ifacere.com/lineapruebas/sso_wsefactura.asmx', 'RegistraFacturaXML_PDF', '2017-5-PRUEBA-0343', 'F', 'DADAFC', 28, '<?xml version="1.0" encoding="utf-8"?><FACTURA><ENCABEZADO><NOFACTURA>28</NOFACTURA><RESOLUCION>2017-5-PRUEBA-0343</RESOLUCION><IDSERIE>DADAFC</IDSERIE><EMPRESA>1003</EMPRESA><SUCURSAL>1</SUCURSAL><CAJA>1</CAJA><USUARIO>USUARIO</USUARIO><MONEDA>GTQ</MONEDA><TASACAMBIO>1</TASACAMBIO><GENERACION>O</GENERACION><FECHAEMISION>02/07/2019</FECHAEMISION><NOMBRECONTRIBUYENTE><!`CDATA`FULANO`></NOMBRECONTRIBUYENTE><DIRECCIONCONTRIBUYENTE><!`CDATA`LA MISMA`></DIRECCIONCONTRIBUYENTE><NITCONTRIBUYENTE>67172</NITCONTRIBUYENTE><VALORNETO>10.00</VALORNETO><IVA>1.20</IVA><TOTAL>11.20</TOTAL><DESCUENTO>0.00</DESCUENTO><EXENTO>0.00</EXENTO></ENCABEZADO><OPCIONAL><TOTAL_LETRAS><!`CDATA`ONCE 20/100 QUETZALES`></TOTAL_LETRAS></OPCIONAL><DETALLE><LINEA><CANTIDAD>2</CANTIDAD><DESCRIPCION><!`CDATA`MEDICINA`></DESCRIPCION><METRICA>UNI</METRICA><PRECIOUNITARIO>5.60</PRECIOUNITARIO><VALOR>11.20</VALOR><TIPO_PRODUCTO><!`CDATA`BIEN`></TIPO_PRODUCTO><EXENTO><!`CDATA`N`></EXENTO><DETALLE1>M</DETALLE1></LINEA></DETALLE></FACTURA>', NULL, b'1', 'Factura #28 de la serie "DADAFC", según resolución 2017-5-PRUEBA-0343, fue registrada exitosamente', NULL, 'FACE-66-DADAFC-001', 'i8YvtA7cDbY3dDf2cZnpaHNTGj5V07S6tL00+mVVykpSHQrfuPyniX4rXINNiwOVXbPCrT6FxOZzQ4Jm2Z0I1MBcd0ZGeSU3ZodbfdBHtV5jkEoqPtF//6QCZG3aUGg+', NULL, NULL),
	(4, '2019-07-13 00:00:00', 'USUARIO', 'XMART-LAPTOP', '192.168.1.8', '3c-95-09-78-f4-b7', 'https://www.ifacere.com/lineapruebas/sso_wsefactura.asmx', 'RegistraFacturaXML_PDF', '2017-5-PRUEBA-0343', 'F', 'DADAFC', 29, '<?xml version="1.0" encoding="utf-8"?><FACTURA><ENCABEZADO><NOFACTURA>29</NOFACTURA><RESOLUCION>2017-5-PRUEBA-0343</RESOLUCION><IDSERIE>DADAFC</IDSERIE><EMPRESA>1003</EMPRESA><SUCURSAL>1</SUCURSAL><CAJA>1</CAJA><USUARIO>USUARIO</USUARIO><MONEDA>GTQ</MONEDA><TASACAMBIO>1</TASACAMBIO><GENERACION>O</GENERACION><FECHAEMISION>02/07/2019</FECHAEMISION><NOMBRECONTRIBUYENTE><!`CDATA`FULANO`></NOMBRECONTRIBUYENTE><DIRECCIONCONTRIBUYENTE><!`CDATA`LA MISMA`></DIRECCIONCONTRIBUYENTE><NITCONTRIBUYENTE>67172</NITCONTRIBUYENTE><VALORNETO>10.00</VALORNETO><IVA>1.20</IVA><TOTAL>11.20</TOTAL><DESCUENTO>0.00</DESCUENTO><EXENTO>0.00</EXENTO></ENCABEZADO><OPCIONAL><TOTAL_LETRAS><!`CDATA`ONCE 20/100 QUETZALES`></TOTAL_LETRAS></OPCIONAL><DETALLE><LINEA><CANTIDAD>2</CANTIDAD><DESCRIPCION><!`CDATA`MEDICINA`></DESCRIPCION><METRICA>UNI</METRICA><PRECIOUNITARIO>5.60</PRECIOUNITARIO><VALOR>11.20</VALOR><TIPO_PRODUCTO><!`CDATA`BIEN`></TIPO_PRODUCTO><EXENTO><!`CDATA`N`></EXENTO><DETALLE1>M</DETALLE1></LINEA></DETALLE></FACTURA>', NULL, b'1', 'Factura #29 de la serie "DADAFC", según resolución 2017-5-PRUEBA-0343, fue registrada exitosamente', NULL, 'FACE-66-DADAFC-001', 'i8YvtA7cDbY3dDf2cZnpaJ8xPc0XxNmMJjxzO93sRZodaNYmNcp4Z4wFGUEqAU9KwRlVWWtk6bOxEgIt4ZifT1MyG065GnUxL5csJysx5ydoJW6uH48fa7MqEjjpVSa0', NULL, NULL),
	(5, '2019-07-13 00:00:00', 'USUARIO', 'XMART-LAPTOP', '192.168.1.8', '3c-95-09-78-f4-b7', 'https://www.ifacere.com/lineapruebas/sso_wsefactura.asmx', 'RegistraFacturaXML_PDF', '2017-5-PRUEBA-0343', 'F', 'DADAFC', 30, '<?xml version="1.0" encoding="utf-8"?><FACTURA><ENCABEZADO><NOFACTURA>30</NOFACTURA><RESOLUCION>2017-5-PRUEBA-0343</RESOLUCION><IDSERIE>DADAFC</IDSERIE><EMPRESA>1003</EMPRESA><SUCURSAL>1</SUCURSAL><CAJA>1</CAJA><USUARIO>USUARIO</USUARIO><MONEDA>GTQ</MONEDA><TASACAMBIO>1</TASACAMBIO><GENERACION>O</GENERACION><FECHAEMISION>02/07/2019</FECHAEMISION><NOMBRECONTRIBUYENTE><!`CDATA`FULANO`></NOMBRECONTRIBUYENTE><DIRECCIONCONTRIBUYENTE><!`CDATA`LA MISMA`></DIRECCIONCONTRIBUYENTE><NITCONTRIBUYENTE>67172</NITCONTRIBUYENTE><VALORNETO>10.00</VALORNETO><IVA>1.20</IVA><TOTAL>11.20</TOTAL><DESCUENTO>0.00</DESCUENTO><EXENTO>0.00</EXENTO></ENCABEZADO><OPCIONAL><TOTAL_LETRAS><!`CDATA`ONCE 20/100 QUETZALES`></TOTAL_LETRAS></OPCIONAL><DETALLE><LINEA><CANTIDAD>2</CANTIDAD><DESCRIPCION><!`CDATA`MEDICINA`></DESCRIPCION><METRICA>UNI</METRICA><PRECIOUNITARIO>5.60</PRECIOUNITARIO><VALOR>11.20</VALOR><TIPO_PRODUCTO><!`CDATA`BIEN`></TIPO_PRODUCTO><EXENTO><!`CDATA`N`></EXENTO><DETALLE1>M</DETALLE1></LINEA></DETALLE></FACTURA>', NULL, b'1', 'Factura #30 de la serie "DADAFC", según resolución 2017-5-PRUEBA-0343, fue registrada exitosamente', NULL, 'FACE-66-DADAFC-001', 'i8YvtA7cDbZU5i7zwNntVgXrt4LZe40FEVpjihLLQASDJY3YKZ3XdIb/BsEdmnZxZANlxGSpyMHa0efnG0TzGwc6xFruil7ghiskk1DiXVn38LyepYlpxxx5BsNGmy1k', NULL, NULL),
	(6, '2019-07-13 00:00:00', 'USUARIO', 'XMART-LAPTOP', '192.168.1.8', '3c-95-09-78-f4-b7', 'https://www.ifacere.com/lineapruebas/sso_wsefactura.asmx', 'RegistraFacturaXML_PDF', '2017-5-PRUEBA-0343', 'F', 'DADAFC', 31, '<?xml version="1.0" encoding="utf-8"?><FACTURA><ENCABEZADO><NOFACTURA>31</NOFACTURA><RESOLUCION>2017-5-PRUEBA-0343</RESOLUCION><IDSERIE>DADAFC</IDSERIE><EMPRESA>1003</EMPRESA><SUCURSAL>1</SUCURSAL><CAJA>1</CAJA><USUARIO>USUARIO</USUARIO><MONEDA>GTQ</MONEDA><TASACAMBIO>1</TASACAMBIO><GENERACION>O</GENERACION><FECHAEMISION>02/07/2019</FECHAEMISION><NOMBRECONTRIBUYENTE><!`CDATA`FULANO`></NOMBRECONTRIBUYENTE><DIRECCIONCONTRIBUYENTE><!`CDATA`LA MISMA`></DIRECCIONCONTRIBUYENTE><NITCONTRIBUYENTE>67172</NITCONTRIBUYENTE><VALORNETO>10.00</VALORNETO><IVA>1.20</IVA><TOTAL>11.20</TOTAL><DESCUENTO>0.00</DESCUENTO><EXENTO>0.00</EXENTO></ENCABEZADO><OPCIONAL><TOTAL_LETRAS><!`CDATA`ONCE 20/100 QUETZALES`></TOTAL_LETRAS></OPCIONAL><DETALLE><LINEA><CANTIDAD>2</CANTIDAD><DESCRIPCION><!`CDATA`MEDICINA`></DESCRIPCION><METRICA>UNI</METRICA><PRECIOUNITARIO>5.60</PRECIOUNITARIO><VALOR>11.20</VALOR><TIPO_PRODUCTO><!`CDATA`BIEN`></TIPO_PRODUCTO><EXENTO><!`CDATA`N`></EXENTO><DETALLE1>M</DETALLE1></LINEA></DETALLE></FACTURA>', NULL, b'1', 'Factura #31 de la serie "DADAFC", según resolución 2017-5-PRUEBA-0343, fue registrada exitosamente', NULL, 'FACE-66-DADAFC-001', 'i8YvtA7cDbZU5i7zwNntVoBmf/+wdnAFTEpHTJ8P57A8UkAe1MiwKCAUEiOay3wR1L6AF2nDigi1SC079dxzyrpeuUwDD7HF6UDwMYoeH2McNynJNwsxAEXZUjK3E3Q5', NULL, NULL),
	(7, '2019-07-13 00:00:00', 'USUARIO', 'XMART-LAPTOP', '192.168.1.8', '3c-95-09-78-f4-b7', 'https://www.ifacere.com/lineapruebas/sso_wsefactura.asmx', 'RegistraFacturaXML_PDF', '2017-5-PRUEBA-0343', 'F', 'DADAFC', 32, '<?xml version="1.0" encoding="utf-8"?><FACTURA><ENCABEZADO><NOFACTURA>32</NOFACTURA><RESOLUCION>2017-5-PRUEBA-0343</RESOLUCION><IDSERIE>DADAFC</IDSERIE><EMPRESA>1003</EMPRESA><SUCURSAL>1</SUCURSAL><CAJA>1</CAJA><USUARIO>USUARIO</USUARIO><MONEDA>GTQ</MONEDA><TASACAMBIO>1</TASACAMBIO><GENERACION>O</GENERACION><FECHAEMISION>02/07/2019</FECHAEMISION><NOMBRECONTRIBUYENTE><!`CDATA`FULANO`></NOMBRECONTRIBUYENTE><DIRECCIONCONTRIBUYENTE><!`CDATA`LA MISMA`></DIRECCIONCONTRIBUYENTE><NITCONTRIBUYENTE>67172</NITCONTRIBUYENTE><VALORNETO>10.00</VALORNETO><IVA>1.20</IVA><TOTAL>11.20</TOTAL><DESCUENTO>0.00</DESCUENTO><EXENTO>0.00</EXENTO></ENCABEZADO><OPCIONAL><TOTAL_LETRAS><!`CDATA`ONCE 20/100 QUETZALES`></TOTAL_LETRAS></OPCIONAL><DETALLE><LINEA><CANTIDAD>2</CANTIDAD><DESCRIPCION><!`CDATA`MEDICINA`></DESCRIPCION><METRICA>UNI</METRICA><PRECIOUNITARIO>5.60</PRECIOUNITARIO><VALOR>11.20</VALOR><TIPO_PRODUCTO><!`CDATA`BIEN`></TIPO_PRODUCTO><EXENTO><!`CDATA`N`></EXENTO><DETALLE1>M</DETALLE1></LINEA></DETALLE></FACTURA>', NULL, b'1', 'Factura #32 de la serie "DADAFC", según resolución 2017-5-PRUEBA-0343, fue registrada exitosamente', NULL, 'FACE-66-DADAFC-001', 'i8YvtA7cDbZU5i7zwNntVoRFyxSKAZk8J2B/KCWyykBw96Wgf4AdlbLQZd3KrrbHxpckly43tP7YO7iVRFnojKhW64htbRh6q8LR+If0TVzrRzqM06fgMRd7AVKBXrdb', NULL, NULL),
	(8, '2019-07-13 00:00:00', 'USUARIO', 'XMART-LAPTOP', '192.168.1.8', '3c-95-09-78-f4-b7', 'https://www.ifacere.com/lineapruebas/sso_wsefactura.asmx', 'RegistraFacturaXML_PDF', '2017-5-PRUEBA-0343', 'F', 'DADAFC', 32, '<?xml version="1.0" encoding="utf-8"?><FACTURA><ENCABEZADO><NOFACTURA>32</NOFACTURA><RESOLUCION>2017-5-PRUEBA-0343</RESOLUCION><IDSERIE>DADAFC</IDSERIE><EMPRESA>1003</EMPRESA><SUCURSAL>1</SUCURSAL><CAJA>1</CAJA><USUARIO>USUARIO</USUARIO><MONEDA>GTQ</MONEDA><TASACAMBIO>1</TASACAMBIO><GENERACION>O</GENERACION><FECHAEMISION>02/07/2019</FECHAEMISION><NOMBRECONTRIBUYENTE><!`CDATA`FULANO`></NOMBRECONTRIBUYENTE><DIRECCIONCONTRIBUYENTE><!`CDATA`LA MISMA`></DIRECCIONCONTRIBUYENTE><NITCONTRIBUYENTE>67172</NITCONTRIBUYENTE><VALORNETO>10.00</VALORNETO><IVA>1.20</IVA><TOTAL>11.20</TOTAL><DESCUENTO>0.00</DESCUENTO><EXENTO>0.00</EXENTO></ENCABEZADO><OPCIONAL><TOTAL_LETRAS><!`CDATA`ONCE 20/100 QUETZALES`></TOTAL_LETRAS></OPCIONAL><DETALLE><LINEA><CANTIDAD>2</CANTIDAD><DESCRIPCION><!`CDATA`MEDICINA`></DESCRIPCION><METRICA>UNI</METRICA><PRECIOUNITARIO>5.60</PRECIOUNITARIO><VALOR>11.20</VALOR><TIPO_PRODUCTO><!`CDATA`BIEN`></TIPO_PRODUCTO><EXENTO><!`CDATA`N`></EXENTO><DETALLE1>M</DETALLE1></LINEA></DETALLE></FACTURA>', NULL, b'0', 'Error en la generación de factura `El documento ya se encuentra registrado`', NULL, NULL, NULL, NULL, NULL),
	(9, '2019-07-15 11:10:45', 'USUARIO', 'XMART-LAPTOP', '192.168.0.250', '3c-52-82-06-a8-80', 'https://www.ifacere.com/lineapruebas/sso_wsefactura.asmx', 'RegistraFacturaXML_PDF', '2017-5-PRUEBA-0343', 'F', 'DADAFC', 33, '<?xml version="1.0" encoding="utf-8"?><FACTURA><ENCABEZADO><NOFACTURA>33</NOFACTURA><RESOLUCION>2017-5-PRUEBA-0343</RESOLUCION><IDSERIE>DADAFC</IDSERIE><EMPRESA>1003</EMPRESA><SUCURSAL>1</SUCURSAL><CAJA>1</CAJA><USUARIO>USUARIO</USUARIO><MONEDA>GTQ</MONEDA><TASACAMBIO>1</TASACAMBIO><GENERACION>O</GENERACION><FECHAEMISION>02/07/2019</FECHAEMISION><NOMBRECONTRIBUYENTE><!`CDATA`FULANO`></NOMBRECONTRIBUYENTE><DIRECCIONCONTRIBUYENTE><!`CDATA`LA MISMA`></DIRECCIONCONTRIBUYENTE><NITCONTRIBUYENTE>67172</NITCONTRIBUYENTE><VALORNETO>10.00</VALORNETO><IVA>1.20</IVA><TOTAL>11.20</TOTAL><DESCUENTO>0.00</DESCUENTO><EXENTO>0.00</EXENTO></ENCABEZADO><OPCIONAL><TOTAL_LETRAS><!`CDATA`ONCE 20/100 QUETZALES`></TOTAL_LETRAS></OPCIONAL><DETALLE><LINEA><CANTIDAD>2</CANTIDAD><DESCRIPCION><!`CDATA`MEDICINA`></DESCRIPCION><METRICA>UNI</METRICA><PRECIOUNITARIO>5.60</PRECIOUNITARIO><VALOR>11.20</VALOR><TIPO_PRODUCTO><!`CDATA`BIEN`></TIPO_PRODUCTO><EXENTO><!`CDATA`N`></EXENTO><DETALLE1>M</DETALLE1></LINEA></DETALLE></FACTURA>', NULL, b'1', 'Factura #33 de la serie "DADAFC", según resolución 2017-5-PRUEBA-0343, fue registrada exitosamente', NULL, 'FACE-66-DADAFC-001', 'i8YvtA7cDbZU5i7zwNntVjMWtqBsCQKlwxNP5R+1TUJTz9ANPjWraehsBwB/Ng3IfqGRSOlPpT8odHMyL1GuijA9DEkMA1tIlGKNF07sIlGIE/bWnrOOzIMpmO4Hh9Wj', NULL, NULL),
	(10, '2019-07-15 11:16:07', 'USUARIO', 'XMART-LAPTOP', '192.168.0.250', '3c-52-82-06-a8-80', 'https://www.ifacere.com/lineapruebas/sso_wsefactura.asmx', 'RegistraFacturaXML_PDF', '2017-5-PRUEBA-0343', 'F', 'DADAFC', 34, '<?xml version="1.0" encoding="utf-8"?><FACTURA><ENCABEZADO><NOFACTURA>34</NOFACTURA><RESOLUCION>2017-5-PRUEBA-0343</RESOLUCION><IDSERIE>DADAFC</IDSERIE><EMPRESA>1003</EMPRESA><SUCURSAL>1</SUCURSAL><CAJA>1</CAJA><USUARIO>USUARIO</USUARIO><MONEDA>GTQ</MONEDA><TASACAMBIO>1</TASACAMBIO><GENERACION>O</GENERACION><FECHAEMISION>02/07/2019</FECHAEMISION><NOMBRECONTRIBUYENTE><!`CDATA`FULANO`></NOMBRECONTRIBUYENTE><DIRECCIONCONTRIBUYENTE><!`CDATA`LA MISMA`></DIRECCIONCONTRIBUYENTE><NITCONTRIBUYENTE>67172</NITCONTRIBUYENTE><VALORNETO>10.00</VALORNETO><IVA>1.20</IVA><TOTAL>11.20</TOTAL><DESCUENTO>0.00</DESCUENTO><EXENTO>0.00</EXENTO></ENCABEZADO><OPCIONAL><TOTAL_LETRAS><!`CDATA`ONCE 20/100 QUETZALES`></TOTAL_LETRAS></OPCIONAL><DETALLE><LINEA><CANTIDAD>2</CANTIDAD><DESCRIPCION><!`CDATA`MEDICINA`></DESCRIPCION><METRICA>UNI</METRICA><PRECIOUNITARIO>5.60</PRECIOUNITARIO><VALOR>11.20</VALOR><TIPO_PRODUCTO><!`CDATA`BIEN`></TIPO_PRODUCTO><EXENTO><!`CDATA`N`></EXENTO><DETALLE1>M</DETALLE1></LINEA></DETALLE></FACTURA>', NULL, b'1', 'Factura #34 de la serie "DADAFC", según resolución 2017-5-PRUEBA-0343, fue registrada exitosamente', NULL, 'FACE-66-DADAFC-001', 'i8YvtA7cDbZU5i7zwNntVvcDpGub3sr/SgPy1gdbgAujjEXrKP1RKlVExhVJn6Jncibv/v9fwMu0UHb1fmEM93rPQfJue10avgOMkdLYwHRwv5pgAEpM7ktsdPWwdxtR', NULL, NULL),
	(11, '2019-07-15 11:53:13', 'USUARIO', 'XMART-LAPTOP', '192.168.0.250', '3c-52-82-06-a8-80', 'https://www.ifacere.com/lineapruebas/sso_wsefactura.asmx', 'RegistraFacturaXML_PDF', '2017-5-PRUEBA-0343', 'F', 'DADAFC', 35, '<?xml version="1.0" encoding="utf-8"?><FACTURA><ENCABEZADO><NOFACTURA>35</NOFACTURA><RESOLUCION>2017-5-PRUEBA-0343</RESOLUCION><IDSERIE>DADAFC</IDSERIE><EMPRESA>1003</EMPRESA><SUCURSAL>1</SUCURSAL><CAJA>1</CAJA><USUARIO>USUARIO</USUARIO><MONEDA>GTQ</MONEDA><TASACAMBIO>1</TASACAMBIO><GENERACION>O</GENERACION><FECHAEMISION>02/07/2019</FECHAEMISION><NOMBRECONTRIBUYENTE><!`CDATA`FULANO`></NOMBRECONTRIBUYENTE><DIRECCIONCONTRIBUYENTE><!`CDATA`LA MISMA`></DIRECCIONCONTRIBUYENTE><NITCONTRIBUYENTE>67172</NITCONTRIBUYENTE><VALORNETO>10.00</VALORNETO><IVA>1.20</IVA><TOTAL>11.20</TOTAL><DESCUENTO>0.00</DESCUENTO><EXENTO>0.00</EXENTO></ENCABEZADO><OPCIONAL><TOTAL_LETRAS><!`CDATA`ONCE 20/100 QUETZALES`></TOTAL_LETRAS></OPCIONAL><DETALLE><LINEA><CANTIDAD>2</CANTIDAD><DESCRIPCION><!`CDATA`MEDICINA`></DESCRIPCION><METRICA>UNI</METRICA><PRECIOUNITARIO>5.60</PRECIOUNITARIO><VALOR>11.20</VALOR><TIPO_PRODUCTO><!`CDATA`BIEN`></TIPO_PRODUCTO><EXENTO><!`CDATA`N`></EXENTO><DETALLE1>M</DETALLE1></LINEA></DETALLE></FACTURA>', NULL, b'1', 'Factura #35 de la serie "DADAFC", según resolución 2017-5-PRUEBA-0343, fue registrada exitosamente', NULL, 'FACE-66-DADAFC-001', 'i8YvtA7cDbZU5i7zwNntVt68HoHLtJzZ1eO6XrxKOzVjK1ZYIyodmxpXQeVMJ1OZO5H0nxkQR0iO1gv1svM/rXtiXwXGqRCu8aWQlWgAZmIqkd+11xsBCxxNlvgf/Q8A', NULL, NULL),
	(12, '2019-07-15 11:59:37', 'USUARIO', 'XMART-LAPTOP', '192.168.0.250', '3c-52-82-06-a8-80', 'https://www.ifacere.com/lineapruebas/sso_wsefactura.asmx', 'RegistraFacturaXML_PDF', '2017-5-PRUEBA-0343', 'F', 'DADAFC', 36, '<?xml version="1.0" encoding="utf-8"?><FACTURA><ENCABEZADO><NOFACTURA>36</NOFACTURA><RESOLUCION>2017-5-PRUEBA-0343</RESOLUCION><IDSERIE>DADAFC</IDSERIE><EMPRESA>1003</EMPRESA><SUCURSAL>1</SUCURSAL><CAJA>1</CAJA><USUARIO>USUARIO</USUARIO><MONEDA>GTQ</MONEDA><TASACAMBIO>1</TASACAMBIO><GENERACION>O</GENERACION><FECHAEMISION>02/07/2019</FECHAEMISION><NOMBRECONTRIBUYENTE><!`CDATA`FULANO`></NOMBRECONTRIBUYENTE><DIRECCIONCONTRIBUYENTE><!`CDATA`LA MISMA`></DIRECCIONCONTRIBUYENTE><NITCONTRIBUYENTE>67172</NITCONTRIBUYENTE><VALORNETO>10.00</VALORNETO><IVA>1.20</IVA><TOTAL>11.20</TOTAL><DESCUENTO>0.00</DESCUENTO><EXENTO>0.00</EXENTO></ENCABEZADO><OPCIONAL><TOTAL_LETRAS><!`CDATA`ONCE 20/100 QUETZALES`></TOTAL_LETRAS></OPCIONAL><DETALLE><LINEA><CANTIDAD>2</CANTIDAD><DESCRIPCION><!`CDATA`MEDICINA`></DESCRIPCION><METRICA>UNI</METRICA><PRECIOUNITARIO>5.60</PRECIOUNITARIO><VALOR>11.20</VALOR><TIPO_PRODUCTO><!`CDATA`BIEN`></TIPO_PRODUCTO><EXENTO><!`CDATA`N`></EXENTO><DETALLE1>M</DETALLE1></LINEA></DETALLE></FACTURA>', NULL, b'1', 'Factura #36 de la serie "DADAFC", según resolución 2017-5-PRUEBA-0343, fue registrada exitosamente', NULL, 'FACE-66-DADAFC-001', 'i8YvtA7cDbZU5i7zwNntVrBcH2mT66b7mIML/aOo1Hov4E+Q+OLd4gDp0TkdMI6ocJdYkQcy5pLVGKVXQLW7IwdXbktqtchAzCosX3TuKA1wnO9Lpw+JES51DCffXbo8', NULL, NULL),
	(13, '2019-07-15 12:04:34', 'USUARIO', 'XMART-LAPTOP', '192.168.0.250', '3c-52-82-06-a8-80', 'https://www.ifacere.com/lineapruebas/sso_wsefactura.asmx', 'RegistraFacturaXML_PDF', '2017-5-PRUEBA-0343', 'F', 'DADAFC', 37, '<?xml version="1.0" encoding="utf-8"?><FACTURA><ENCABEZADO><NOFACTURA>37</NOFACTURA><RESOLUCION>2017-5-PRUEBA-0343</RESOLUCION><IDSERIE>DADAFC</IDSERIE><EMPRESA>1003</EMPRESA><SUCURSAL>1</SUCURSAL><CAJA>1</CAJA><USUARIO>USUARIO</USUARIO><MONEDA>GTQ</MONEDA><TASACAMBIO>1</TASACAMBIO><GENERACION>O</GENERACION><FECHAEMISION>02/07/2019</FECHAEMISION><NOMBRECONTRIBUYENTE><!`CDATA`FULANO`></NOMBRECONTRIBUYENTE><DIRECCIONCONTRIBUYENTE><!`CDATA`LA MISMA`></DIRECCIONCONTRIBUYENTE><NITCONTRIBUYENTE>67172</NITCONTRIBUYENTE><VALORNETO>10.00</VALORNETO><IVA>1.20</IVA><TOTAL>11.20</TOTAL><DESCUENTO>0.00</DESCUENTO><EXENTO>0.00</EXENTO></ENCABEZADO><OPCIONAL><TOTAL_LETRAS><!`CDATA`ONCE 20/100 QUETZALES`></TOTAL_LETRAS></OPCIONAL><DETALLE><LINEA><CANTIDAD>2</CANTIDAD><DESCRIPCION><!`CDATA`MEDICINA`></DESCRIPCION><METRICA>UNI</METRICA><PRECIOUNITARIO>5.60</PRECIOUNITARIO><VALOR>11.20</VALOR><TIPO_PRODUCTO><!`CDATA`BIEN`></TIPO_PRODUCTO><EXENTO><!`CDATA`N`></EXENTO><DETALLE1>M</DETALLE1></LINEA></DETALLE></FACTURA>', NULL, b'1', 'Factura #37 de la serie "DADAFC", según resolución 2017-5-PRUEBA-0343, fue registrada exitosamente', NULL, 'FACE-66-DADAFC-001', 'i8YvtA7cDbZU5i7zwNntVrDy8o9VbSNJBxIggs2ISyh1SViubvIEXGqFoWXSdx5b4eXiPz2i9x4CQWu5cfuyO4yLSpke0h/PY+8J/RI9xuFOnxKsB8mSOSoLnXIBZ5tS', NULL, NULL),
	(14, '2019-07-16 11:52:20', 'USUARIO', 'XMART-LAPTOP', '192.168.0.250', '3c-52-82-06-a8-80', 'https://www.ifacere.com/lineapruebas/sso_wsefactura.asmx', 'RegistraFacturaXML_PDF', '2017-5-PRUEBA-0343', 'F', 'DADAFC', 38, '<?xml version="1.0" encoding="utf-8"?><FACTURA><ENCABEZADO><NOFACTURA>38</NOFACTURA><RESOLUCION>2017-5-PRUEBA-0343</RESOLUCION><IDSERIE>DADAFC</IDSERIE><EMPRESA>1003</EMPRESA><SUCURSAL>1</SUCURSAL><CAJA>1</CAJA><USUARIO>USUARIO</USUARIO><MONEDA>GTQ</MONEDA><TASACAMBIO>1</TASACAMBIO><GENERACION>O</GENERACION><FECHAEMISION>02/07/2019</FECHAEMISION><NOMBRECONTRIBUYENTE><!`CDATA`FULANO`></NOMBRECONTRIBUYENTE><DIRECCIONCONTRIBUYENTE><!`CDATA`LA MISMA`></DIRECCIONCONTRIBUYENTE><NITCONTRIBUYENTE>67172</NITCONTRIBUYENTE><VALORNETO>10.00</VALORNETO><IVA>1.20</IVA><TOTAL>11.20</TOTAL><DESCUENTO>0.00</DESCUENTO><EXENTO>0.00</EXENTO></ENCABEZADO><OPCIONAL><TOTAL_LETRAS><!`CDATA`ONCE 20/100 QUETZALES`></TOTAL_LETRAS></OPCIONAL><DETALLE><LINEA><CANTIDAD>2</CANTIDAD><DESCRIPCION><!`CDATA`MEDICINA`></DESCRIPCION><METRICA>UNI</METRICA><PRECIOUNITARIO>5.60</PRECIOUNITARIO><VALOR>11.20</VALOR><TIPO_PRODUCTO><!`CDATA`BIEN`></TIPO_PRODUCTO><EXENTO><!`CDATA`N`></EXENTO><DETALLE1>M</DETALLE1></LINEA></DETALLE></FACTURA>', NULL, b'1', 'Factura #38 de la serie "DADAFC", según resolución 2017-5-PRUEBA-0343, fue registrada exitosamente', NULL, 'FACE-66-DADAFC-001', 'i8YvtA7cDbZU5i7zwNntVqSlwmx1KGM6620DBADb2Y9e5vr4XS7UjMZ740/s9TZaUn0+KvyVq6DDDynS2KUFsvENFPAGl4Y1VspxslolNh7NEZIWYROZZTpGXbiFXkIJ', NULL, NULL),
	(15, '2019-07-21 19:09:09', 'USUARIO', 'XMART-LAPTOP', '192.168.1.8', '3c-95-09-78-f4-b7', 'https://www.ifacere.com/lineapruebas/sso_wsefactura.asmx', 'AnulacionFacturaXML', '2017-5-PRUEBA-0343', 'F', 'DADAFC', 26, '<?xml version="1.0" encoding="utf-8"?><FACTURA><NODOCUMENTO>26</NODOCUMENTO><SERIE>DADAFC</SERIE><EMPRESA>1003</EMPRESA><SUCURSAL>1</SUCURSAL><RAZONANULACION><!`CDATA`></RAZONANULACION></FACTURA>', NULL, b'1', 'Factura #26 de la serie "DADAFC", según resolución 2017-5-PRUEBA-0343       , fue anulada exitosamente', NULL, NULL, NULL, NULL, NULL),
	(16, '2019-07-21 19:10:43', 'USUARIO', 'XMART-LAPTOP', '192.168.1.8', '3c-95-09-78-f4-b7', 'https://www.ifacere.com/lineapruebas/sso_wsefactura.asmx', 'AnulacionFacturaXML', '2017-5-PRUEBA-0343', 'F', 'DADAFC', 25, '<?xml version="1.0" encoding="utf-8"?><FACTURA><NODOCUMENTO>25</NODOCUMENTO><SERIE>DADAFC</SERIE><EMPRESA>1003</EMPRESA><SUCURSAL>1</SUCURSAL><RAZONANULACION><!`CDATA`></RAZONANULACION></FACTURA>', NULL, b'1', 'Factura #25 de la serie "DADAFC", según resolución 2017-5-PRUEBA-0343       , fue anulada exitosamente', NULL, NULL, NULL, NULL, NULL),
	(17, '2019-08-19 15:55:57', 'USUARIO', 'XMART-LAPTOP', '192.168.0.188', '3c-95-09-78-f4-b7', 'https://facturar.eforcon.com/eforconservice/Service1.asmx', 'mFacturaXML3', '2019-PRUEBA-ESET-1', 'FACE', 'PRUEBA', 1, NULL, NULL, b'0', 'La columna `TipoDoc` no pertenece a la tabla .', NULL, NULL, NULL, NULL, NULL),
	(18, '2019-08-19 15:57:16', 'USUARIO', 'XMART-LAPTOP', '192.168.0.188', '3c-95-09-78-f4-b7', 'https://facturar.eforcon.com/eforconservice/Service1.asmx', 'mFacturaXML3', '2019-PRUEBA-ESET-1', 'FACE', 'PRUEBA', 1, NULL, NULL, b'0', 'La columna `TipoDoc` no pertenece a la tabla .', NULL, NULL, NULL, NULL, NULL),
	(19, '2019-08-19 16:00:01', 'USUARIO', 'XMART-LAPTOP', '192.168.0.188', '3c-95-09-78-f4-b7', 'https://facturar.eforcon.com/eforconservice/Service1.asmx', 'mFacturaXML3', '2019-PRUEBA-ESET-1', 'FACE', 'PRUEBA', 1, '<?xml version="1.0" encoding="utf-8"?><plantilla><documento /><minimo><resolucion>2019-PRUEBA-ESET-1</resolucion><serie>PRUEBA</serie><numero>FACE</numero><moneda>GTQ</moneda><identificador>FACE</identificador><nit_contribuyente><!`CDATA`67172`></nit_contribuyente><nombre_contribuyente><!`CDATA`FULANO`></nombre_contribuyente><direccion_contribuyente><!`CDATA`LA MISMA`></direccion_contribuyente><dia_emision>19</dia_emision><mes_emision>8</mes_emision><anio_emision>2019</anio_emision><valor_neto>10.00</valor_neto><total>11.20</total><iva>1.20</iva><descuento>0.00</descuento><monto_exento>0.00</monto_exento><estado>E</estado><tasa_cambio>1</tasa_cambio><opcional><total_letras><!`CDATA`ONCE 20/100 QUETZALES`></total_letras></opcional><detalle><definicion><descripcion><!`CDATA`MEDICINA`></descripcion><cantidad>2</cantidad><metrica>UNI</metrica><precio_unitario>5.60</precio_unitario><valor>11.20</valor></definicion></detalle></minimo></plantilla>', NULL, b'0', 'Documentos: 0, con  2 errores: - Se ha ingresado letras en campo numero de factura, en No. Documento: 1 \n- No se ha ingresado el apartado DOCUMENTO en el archivo y ya se quiere analizar opcionales.\n', NULL, NULL, NULL, NULL, NULL),
	(20, '2019-08-19 16:30:45', 'USUARIO', 'XMART-LAPTOP', '192.168.0.188', '3c-95-09-78-f4-b7', 'https://facturar.eforcon.com/eforconservice/Service1.asmx', 'mFacturaXML3', '2019-PRUEBA-ESET-1', 'FACE', 'PRUEBA', 1, '<?xml version="1.0" encoding="utf-8"?><plantilla><documento /><minimo><resolucion>2019-PRUEBA-ESET-1</resolucion><serie>PRUEBA</serie><numero>FACE</numero><moneda>GTQ</moneda><identificador>FACE</identificador><nit_contribuyente><!`CDATA`67172`></nit_contribuyente><nombre_contribuyente><!`CDATA`FULANO`></nombre_contribuyente><direccion_contribuyente><!`CDATA`LA MISMA`></direccion_contribuyente><dia_emision>19</dia_emision><mes_emision>8</mes_emision><anio_emision>2019</anio_emision><valor_neto>10.00</valor_neto><total>11.20</total><iva>1.20</iva><descuento>0.00</descuento><monto_exento>0.00</monto_exento><estado>E</estado><tasa_cambio>1</tasa_cambio><opcional><total_letras><!`CDATA`ONCE 20/100 QUETZALES`></total_letras></opcional><detalle><definicion><descripcion><!`CDATA`MEDICINA`></descripcion><cantidad>2</cantidad><metrica>UNI</metrica><precio_unitario>5.60</precio_unitario><valor>11.20</valor></definicion></detalle></minimo></plantilla>', NULL, b'0', 'Documentos: 0, con  2 errores: - Se ha ingresado letras en campo numero de factura, en No. Documento: 1 \n- No se ha ingresado el apartado DOCUMENTO en el archivo y ya se quiere analizar opcionales.\n', NULL, NULL, NULL, NULL, NULL),
	(21, '2019-08-19 16:34:01', 'USUARIO', 'XMART-LAPTOP', '192.168.0.188', '3c-95-09-78-f4-b7', 'https://facturar.eforcon.com/eforconservice/Service1.asmx', 'mFacturaXML3', '2019-PRUEBA-ESET-1', 'FACE', 'PRUEBA', 1, '<?xml version="1.0" encoding="utf-8"?><plantilla><documento><minimo><resolucion>2019-PRUEBA-ESET-1</resolucion><serie>PRUEBA</serie><numero>FACE</numero><moneda>GTQ</moneda><identificador>FACE</identificador><nit_contribuyente><!`CDATA`67172`></nit_contribuyente><nombre_contribuyente><!`CDATA`FULANO`></nombre_contribuyente><direccion_contribuyente><!`CDATA`LA MISMA`></direccion_contribuyente><dia_emision>19</dia_emision><mes_emision>8</mes_emision><anio_emision>2019</anio_emision><valor_neto>10.00</valor_neto><total>11.20</total><iva>1.20</iva><descuento>0.00</descuento><monto_exento>0.00</monto_exento><estado>E</estado><tasa_cambio>1</tasa_cambio><opcional><total_letras><!`CDATA`ONCE 20/100 QUETZALES`></total_letras></opcional><detalle><definicion><descripcion><!`CDATA`MEDICINA`></descripcion><cantidad>2</cantidad><metrica>UNI</metrica><precio_unitario>5.60</precio_unitario><valor>11.20</valor></definicion></detalle></minimo></documento></plantilla>', NULL, b'0', 'Documentos: 0, con  2 errores: - Se ha ingresado letras en campo numero de factura, en No. Documento: 1 \n- No se ha ingresado el apartado DOCUMENTO en el archivo y ya se quiere analizar opcionales.\n', NULL, NULL, NULL, NULL, NULL),
	(22, '2019-08-19 16:35:40', 'USUARIO', 'XMART-LAPTOP', '192.168.0.188', '3c-95-09-78-f4-b7', 'https://facturar.eforcon.com/eforconservice/Service1.asmx', 'mFacturaXML3', '2019-PRUEBA-ESET-1', 'FACE', 'PRUEBA', 1, '<?xml version="1.0" encoding="utf-8"?><plantilla><documento><minimo><resolucion>2019-PRUEBA-ESET-1</resolucion><serie>PRUEBA</serie><numero>1</numero><moneda>GTQ</moneda><identificador>FACE</identificador><nit_contribuyente><!`CDATA`67172`></nit_contribuyente><nombre_contribuyente><!`CDATA`FULANO`></nombre_contribuyente><direccion_contribuyente><!`CDATA`LA MISMA`></direccion_contribuyente><dia_emision>19</dia_emision><mes_emision>8</mes_emision><anio_emision>2019</anio_emision><valor_neto>10.00</valor_neto><total>11.20</total><iva>1.20</iva><descuento>0.00</descuento><monto_exento>0.00</monto_exento><estado>E</estado><tasa_cambio>1</tasa_cambio><opcional><total_letras><!`CDATA`ONCE 20/100 QUETZALES`></total_letras></opcional><detalle><definicion><descripcion><!`CDATA`MEDICINA`></descripcion><cantidad>2</cantidad><metrica>UNI</metrica><precio_unitario>5.60</precio_unitario><valor>11.20</valor></definicion></detalle></minimo></documento></plantilla>', NULL, b'0', 'Documento: 0, con  1 error: - No se ha ingresado el apartado DOCUMENTO en el archivo y ya se quiere analizar opcionales.\n', NULL, NULL, NULL, NULL, NULL),
	(23, '2019-08-19 16:47:55', 'USUARIO', 'XMART-LAPTOP', '192.168.0.188', '3c-95-09-78-f4-b7', 'https://facturar.eforcon.com/eforconservice/Service1.asmx', 'mFacturaXML3', '2019-PRUEBA-ESET-1', 'FACE', 'PRUEBA', 1, '<?xml version="1.0" encoding="utf-8"?><plantilla><documento><minimo><resolucion>2019-PRUEBA-ESET-1</resolucion><serie>PRUEBA</serie><numero>1</numero><moneda>GTQ</moneda><identificador>FACE</identificador><nit_contribuyente><!`CDATA`67172`></nit_contribuyente><nombre_contribuyente><!`CDATA`FULANO`></nombre_contribuyente><direccion_contribuyente><!`CDATA`LA MISMA`></direccion_contribuyente><dia_emision>19</dia_emision><mes_emision>8</mes_emision><anio_emision>2019</anio_emision><valor_neto>10.00</valor_neto><total>11.20</total><iva>1.20</iva><descuento>0.00</descuento><monto_exento>0.00</monto_exento><estado>E</estado><tasa_cambio>1</tasa_cambio><detalle><definicion><descripcion><!`CDATA`MEDICINA`></descripcion><cantidad>2</cantidad><metrica>UNI</metrica><precio_unitario>5.60</precio_unitario><valor>11.20</valor></definicion></detalle><opcional><total_letras><!`CDATA`ONCE 20/100 QUETZALES`></total_letras></opcional></minimo></documento></plantilla>', NULL, b'0', 'Server was unable to process request. ---> Error converting data type varchar to datetime.', NULL, NULL, NULL, NULL, NULL),
	(24, '2019-08-19 17:07:08', 'USUARIO', 'XMART-LAPTOP', '192.168.0.188', '3c-95-09-78-f4-b7', 'https://facturar.eforcon.com/eforconservice/Service1.asmx', 'mFacturaXML3', '2019-PRUEBA-ESET-1', 'FACE', 'PRUEBA', 1, '<?xml version="1.0" encoding="utf-8"?><plantilla><documento><minimo><resolucion>2019-PRUEBA-ESET-1</resolucion><serie>PRUEBA</serie><numero>1</numero><moneda>GTQ</moneda><identificador>FACE</identificador><nit_contribuyente><!`CDATA`67172`></nit_contribuyente><nombre_contribuyente><!`CDATA`FULANO`></nombre_contribuyente><direccion_contribuyente><!`CDATA`LA MISMA`></direccion_contribuyente><dia_emision>19</dia_emision><mes_emision>08</mes_emision><anio_emision>2019</anio_emision><valor_neto>10.00</valor_neto><total>11.20</total><iva>1.20</iva><descuento>0.00</descuento><monto_exento>0.00</monto_exento><estado>E</estado><tasa_cambio>1</tasa_cambio><detalle><definicion><descripcion><!`CDATA`MEDICINA`></descripcion><cantidad>2</cantidad><metrica>UNI</metrica><precio_unitario>5.60</precio_unitario><valor>11.20</valor></definicion></detalle><opcional><total_letras><!`CDATA`ONCE 20/100 QUETZALES`></total_letras></opcional></minimo></documento></plantilla>', NULL, b'0', 'Documento: 1, con  1 error\nLa factura con número: 1 para resolucion: 2019-PRUEBA-ESET-1        para serie: PRUEBA, línea: 1 ya existe en el sistema. \n---------------------=========================== Documento Número:1============================----------------- \n', NULL, NULL, NULL, NULL, NULL),
	(25, '2019-08-19 17:07:10', 'USUARIO', 'XMART-LAPTOP', '192.168.0.188', '3c-95-09-78-f4-b7', 'https://facturar.eforcon.com/eforconservice/Service1.asmx', 'mFacturaXML3', '2019-PRUEBA-ESET-1', 'FACE', 'PRUEBA', 1, '<?xml version="1.0" encoding="utf-8"?><plantilla><documento><minimo><resolucion>2019-PRUEBA-ESET-1</resolucion><serie>PRUEBA</serie><numero>1</numero><moneda>GTQ</moneda><identificador>FACE</identificador><nit_contribuyente><!`CDATA`67172`></nit_contribuyente><nombre_contribuyente><!`CDATA`FULANO`></nombre_contribuyente><direccion_contribuyente><!`CDATA`LA MISMA`></direccion_contribuyente><dia_emision>19</dia_emision><mes_emision>08</mes_emision><anio_emision>2019</anio_emision><valor_neto>10.00</valor_neto><total>11.20</total><iva>1.20</iva><descuento>0.00</descuento><monto_exento>0.00</monto_exento><estado>E</estado><tasa_cambio>1</tasa_cambio><detalle><definicion><descripcion><!`CDATA`MEDICINA`></descripcion><cantidad>2</cantidad><metrica>UNI</metrica><precio_unitario>5.60</precio_unitario><valor>11.20</valor></definicion></detalle><opcional><total_letras><!`CDATA`ONCE 20/100 QUETZALES`></total_letras></opcional></minimo></documento></plantilla>', NULL, b'0', 'Documento: 1, con  1 error\nLa factura con número: 1 para resolucion: 2019-PRUEBA-ESET-1        para serie: PRUEBA, línea: 1 ya existe en el sistema. \n---------------------=========================== Documento Número:1============================----------------- \n', NULL, NULL, NULL, NULL, NULL),
	(26, '2019-08-19 17:08:02', 'USUARIO', 'XMART-LAPTOP', '192.168.0.188', '3c-95-09-78-f4-b7', 'https://facturar.eforcon.com/eforconservice/Service1.asmx', 'mFacturaXML3', '2019-PRUEBA-ESET-1', 'FACE', 'PRUEBA', 4, '<?xml version="1.0" encoding="utf-8"?><plantilla><documento><minimo><resolucion>2019-PRUEBA-ESET-1</resolucion><serie>PRUEBA</serie><numero>4</numero><moneda>GTQ</moneda><identificador>FACE</identificador><nit_contribuyente><!`CDATA`67172`></nit_contribuyente><nombre_contribuyente><!`CDATA`FULANO`></nombre_contribuyente><direccion_contribuyente><!`CDATA`LA MISMA`></direccion_contribuyente><dia_emision>19</dia_emision><mes_emision>08</mes_emision><anio_emision>2019</anio_emision><valor_neto>10.00</valor_neto><total>11.20</total><iva>1.20</iva><descuento>0.00</descuento><monto_exento>0.00</monto_exento><estado>E</estado><tasa_cambio>1</tasa_cambio><detalle><definicion><descripcion><!`CDATA`MEDICINA`></descripcion><cantidad>2</cantidad><metrica>UNI</metrica><precio_unitario>5.60</precio_unitario><valor>11.20</valor></definicion></detalle><opcional><total_letras><!`CDATA`ONCE 20/100 QUETZALES`></total_letras></opcional></minimo></documento></plantilla>', NULL, b'0', 'Documento: 1, con  1 error\nLa factura con número: 4 para resolucion: 2019-PRUEBA-ESET-1        para serie: PRUEBA, línea: 1 ya existe en el sistema. \n---------------------=========================== Documento Número:1============================----------------- \n', NULL, NULL, NULL, NULL, NULL),
	(27, '2019-08-19 17:08:56', 'USUARIO', 'XMART-LAPTOP', '192.168.0.188', '3c-95-09-78-f4-b7', 'https://facturar.eforcon.com/eforconservice/Service1.asmx', 'mFacturaXML3', '2019-PRUEBA-ESET-1', 'FACE', 'PRUEBA', 26, '<?xml version="1.0" encoding="utf-8"?><plantilla><documento><minimo><resolucion>2019-PRUEBA-ESET-1</resolucion><serie>PRUEBA</serie><numero>26</numero><moneda>GTQ</moneda><identificador>FACE</identificador><nit_contribuyente><!`CDATA`67172`></nit_contribuyente><nombre_contribuyente><!`CDATA`FULANO`></nombre_contribuyente><direccion_contribuyente><!`CDATA`LA MISMA`></direccion_contribuyente><dia_emision>19</dia_emision><mes_emision>08</mes_emision><anio_emision>2019</anio_emision><valor_neto>10.00</valor_neto><total>11.20</total><iva>1.20</iva><descuento>0.00</descuento><monto_exento>0.00</monto_exento><estado>E</estado><tasa_cambio>1</tasa_cambio><detalle><definicion><descripcion><!`CDATA`MEDICINA`></descripcion><cantidad>2</cantidad><metrica>UNI</metrica><precio_unitario>5.60</precio_unitario><valor>11.20</valor></definicion></detalle><opcional><total_letras><!`CDATA`ONCE 20/100 QUETZALES`></total_letras></opcional></minimo></documento></plantilla>', NULL, b'0', 'Documento: 1, con  1 error\nLote no respeta correlativo, debe de empezar con: 3 \n', NULL, NULL, NULL, NULL, NULL),
	(28, '2019-08-19 17:11:39', 'USUARIO', 'XMART-LAPTOP', '192.168.0.188', '3c-95-09-78-f4-b7', 'https://facturar.eforcon.com/eforconservice/Service1.asmx', 'mFacturaXML3', '2019-PRUEBA-ESET-1', 'FACE', 'PRUEBA', 3, '<?xml version="1.0" encoding="utf-8"?><plantilla><documento><minimo><resolucion>2019-PRUEBA-ESET-1</resolucion><serie>PRUEBA</serie><numero>3</numero><moneda>GTQ</moneda><identificador>FACE</identificador><nit_contribuyente><!`CDATA`67172`></nit_contribuyente><nombre_contribuyente><!`CDATA`FULANO`></nombre_contribuyente><direccion_contribuyente><!`CDATA`LA MISMA`></direccion_contribuyente><dia_emision>19</dia_emision><mes_emision>08</mes_emision><anio_emision>2019</anio_emision><valor_neto>10.00</valor_neto><total>11.20</total><iva>1.20</iva><descuento>0.00</descuento><monto_exento>0.00</monto_exento><estado>E</estado><tasa_cambio>1</tasa_cambio><detalle><definicion><descripcion><!`CDATA`MEDICINA`></descripcion><cantidad>2</cantidad><metrica>UNI</metrica><precio_unitario>5.60</precio_unitario><valor>11.20</valor></definicion></detalle><opcional><total_letras><!`CDATA`ONCE 20/100 QUETZALES`></total_letras></opcional></minimo></documento></plantilla>', NULL, b'1', 'Factura electronica ingresada exitosamente!', NULL, NULL, NULL, NULL, NULL),
	(29, '2019-08-29 09:51:21', 'USUARIO', 'XMART-LAPTOP', '192.168.0.188', '3c-95-09-78-f4-b7', 'https://facturar.eforcon.com/eforconservice/Service1.asmx', 'mFacturaXML3', '2019-PRUEBA-ESET-1', 'FACE', 'PRUEBA', 3, NULL, NULL, b'0', 'Debe ingresar la razón por la que quiere anular la factura', NULL, NULL, NULL, NULL, NULL),
	(30, '2019-08-29 09:51:46', 'USUARIO', 'XMART-LAPTOP', '192.168.0.188', '3c-95-09-78-f4-b7', 'https://facturar.eforcon.com/eforconservice/Service1.asmx', 'mFacturaXML3', '2019-PRUEBA-ESET-1', 'FACE', 'PRUEBA', 3, NULL, NULL, b'1', 'Factura electrónica anulada exitosamente!', NULL, NULL, NULL, NULL, NULL),
	(31, '2019-08-29 11:13:13', 'USUARIO', 'XMART-LAPTOP', '192.168.0.188', '3c-95-09-78-f4-b7', 'https://facturar.eforcon.com/eforconservice/Service1.asmx', 'mFacturaXML3', '2019-PRUEBA-ESET-1', 'FACE', 'PRUEBA', 4, '<?xml version="1.0" encoding="utf-8"?><plantilla><documento><minimo><resolucion>2019-PRUEBA-ESET-1</resolucion><serie>PRUEBA</serie><numero>4</numero><moneda>GTQ</moneda><identificador>FACE</identificador><nit_contribuyente><!`CDATA`67172`></nit_contribuyente><nombre_contribuyente><!`CDATA`FULANO`></nombre_contribuyente><direccion_contribuyente><!`CDATA`LA MISMA`></direccion_contribuyente><dia_emision>19</dia_emision><mes_emision>08</mes_emision><anio_emision>2019</anio_emision><valor_neto>10.00</valor_neto><total>11.20</total><iva>1.20</iva><descuento>0.00</descuento><monto_exento>0.00</monto_exento><estado>E</estado><tasa_cambio>1</tasa_cambio><detalle><definicion><descripcion><!`CDATA`MEDICINA`></descripcion><cantidad>2</cantidad><metrica>UNI</metrica><precio_unitario>5.60</precio_unitario><valor>11.20</valor></definicion></detalle><opcional><total_letras><!`CDATA`ONCE 20/100 QUETZALES`></total_letras></opcional></minimo></documento></plantilla>', NULL, b'0', 'Incorrect syntax near `=`.', NULL, 'FACE-63-PRUEBA-001-190000000004', 'xHPU331oQJth1dptR35GOz7EJaBnXn6nB93FxVXVOL+JaLEm8YsuWuqw11ZSRb9M', NULL, NULL),
	(32, '2019-08-29 11:14:01', 'USUARIO', 'XMART-LAPTOP', '192.168.0.188', '3c-95-09-78-f4-b7', 'https://facturar.eforcon.com/eforconservice/Service1.asmx', 'mFacturaXML3', '2019-PRUEBA-ESET-1', 'FACE', 'PRUEBA', 4, '<?xml version="1.0" encoding="utf-8"?><plantilla><documento><minimo><resolucion>2019-PRUEBA-ESET-1</resolucion><serie>PRUEBA</serie><numero>4</numero><moneda>GTQ</moneda><identificador>FACE</identificador><nit_contribuyente><!`CDATA`67172`></nit_contribuyente><nombre_contribuyente><!`CDATA`FULANO`></nombre_contribuyente><direccion_contribuyente><!`CDATA`LA MISMA`></direccion_contribuyente><dia_emision>19</dia_emision><mes_emision>08</mes_emision><anio_emision>2019</anio_emision><valor_neto>10.00</valor_neto><total>11.20</total><iva>1.20</iva><descuento>0.00</descuento><monto_exento>0.00</monto_exento><estado>E</estado><tasa_cambio>1</tasa_cambio><detalle><definicion><descripcion><!`CDATA`MEDICINA`></descripcion><cantidad>2</cantidad><metrica>UNI</metrica><precio_unitario>5.60</precio_unitario><valor>11.20</valor></definicion></detalle><opcional><total_letras><!`CDATA`ONCE 20/100 QUETZALES`></total_letras></opcional></minimo></documento></plantilla>', NULL, b'0', 'Incorrect syntax near `=`.', NULL, 'FACE-63-PRUEBA-001-190000000004', 'xHPU331oQJth1dptR35GOz7EJaBnXn6nB93FxVXVOL+JaLEm8YsuWuqw11ZSRb9M', NULL, NULL),
	(33, '2019-08-29 11:20:28', 'USUARIO', 'XMART-LAPTOP', '192.168.0.188', '3c-95-09-78-f4-b7', 'https://facturar.eforcon.com/eforconservice/Service1.asmx', 'mFacturaXML3', '2019-PRUEBA-ESET-1', 'FACE', 'PRUEBA', 10, '<?xml version="1.0" encoding="utf-8"?><plantilla><documento><minimo><resolucion>2019-PRUEBA-ESET-1</resolucion><serie>PRUEBA</serie><numero>10</numero><moneda>GTQ</moneda><identificador>FACE</identificador><nit_contribuyente><!`CDATA`67172`></nit_contribuyente><nombre_contribuyente><!`CDATA`FULANO`></nombre_contribuyente><direccion_contribuyente><!`CDATA`LA MISMA`></direccion_contribuyente><dia_emision>19</dia_emision><mes_emision>08</mes_emision><anio_emision>2019</anio_emision><valor_neto>10.00</valor_neto><total>11.20</total><iva>1.20</iva><descuento>0.00</descuento><monto_exento>0.00</monto_exento><estado>E</estado><tasa_cambio>1</tasa_cambio><detalle><definicion><descripcion><!`CDATA`MEDICINA`></descripcion><cantidad>2</cantidad><metrica>UNI</metrica><precio_unitario>5.60</precio_unitario><valor>11.20</valor></definicion></detalle><opcional><total_letras><!`CDATA`ONCE 20/100 QUETZALES`></total_letras></opcional></minimo></documento></plantilla>', NULL, b'0', 'There is no row at position 0.', NULL, NULL, NULL, NULL, NULL),
	(34, '2019-08-29 11:21:14', 'USUARIO', 'XMART-LAPTOP', '192.168.0.188', '3c-95-09-78-f4-b7', 'https://facturar.eforcon.com/eforconservice/Service1.asmx', 'mFacturaXML3', '2019-PRUEBA-ESET-1', 'FACE', 'PRUEBA', 10, '<?xml version="1.0" encoding="utf-8"?><plantilla><documento><minimo><resolucion>2019-PRUEBA-ESET-1</resolucion><serie>PRUEBA</serie><numero>10</numero><moneda>GTQ</moneda><identificador>FACE</identificador><nit_contribuyente><!`CDATA`67172`></nit_contribuyente><nombre_contribuyente><!`CDATA`FULANO`></nombre_contribuyente><direccion_contribuyente><!`CDATA`LA MISMA`></direccion_contribuyente><dia_emision>29</dia_emision><mes_emision>08</mes_emision><anio_emision>2019</anio_emision><valor_neto>10.00</valor_neto><total>11.20</total><iva>1.20</iva><descuento>0.00</descuento><monto_exento>0.00</monto_exento><estado>E</estado><tasa_cambio>1</tasa_cambio><detalle><definicion><descripcion><!`CDATA`MEDICINA`></descripcion><cantidad>2</cantidad><metrica>UNI</metrica><precio_unitario>5.60</precio_unitario><valor>11.20</valor></definicion></detalle><opcional><total_letras><!`CDATA`ONCE 20/100 QUETZALES`></total_letras></opcional></minimo></documento></plantilla>', NULL, b'0', 'There is no row at position 0.', NULL, NULL, NULL, NULL, NULL),
	(35, '2019-08-29 11:22:26', 'USUARIO', 'XMART-LAPTOP', '192.168.0.188', '3c-95-09-78-f4-b7', 'https://facturar.eforcon.com/eforconservice/Service1.asmx', 'mFacturaXML3', '2019-PRUEBA-ESET-1', 'FACE', 'PRUEBA', 8, '<?xml version="1.0" encoding="utf-8"?><plantilla><documento><minimo><resolucion>2019-PRUEBA-ESET-1</resolucion><serie>PRUEBA</serie><numero>8</numero><moneda>GTQ</moneda><identificador>FACE</identificador><nit_contribuyente><!`CDATA`67172`></nit_contribuyente><nombre_contribuyente><!`CDATA`FULANO`></nombre_contribuyente><direccion_contribuyente><!`CDATA`LA MISMA`></direccion_contribuyente><dia_emision>29</dia_emision><mes_emision>08</mes_emision><anio_emision>2019</anio_emision><valor_neto>10.00</valor_neto><total>11.20</total><iva>1.20</iva><descuento>0.00</descuento><monto_exento>0.00</monto_exento><estado>E</estado><tasa_cambio>1</tasa_cambio><detalle><definicion><descripcion><!`CDATA`MEDICINA`></descripcion><cantidad>2</cantidad><metrica>UNI</metrica><precio_unitario>5.60</precio_unitario><valor>11.20</valor></definicion></detalle><opcional><total_letras><!`CDATA`ONCE 20/100 QUETZALES`></total_letras></opcional></minimo></documento></plantilla>', NULL, b'0', 'There is no row at position 0.', NULL, NULL, NULL, NULL, NULL),
	(36, '2019-08-29 11:30:31', 'USUARIO', 'XMART-LAPTOP', '192.168.0.188', '3c-95-09-78-f4-b7', 'https://facturar.eforcon.com/eforconservice/Service1.asmx', 'mFacturaXML3', '2019-PRUEBA-ESET-1', 'FACE', 'PRUEBA', 5, '<?xml version="1.0" encoding="utf-8"?><plantilla><documento><minimo><resolucion>2019-PRUEBA-ESET-1</resolucion><serie>PRUEBA</serie><numero>5</numero><moneda>GTQ</moneda><identificador>FACE</identificador><nit_contribuyente><!`CDATA`67172`></nit_contribuyente><nombre_contribuyente><!`CDATA`FULANO`></nombre_contribuyente><direccion_contribuyente><!`CDATA`LA MISMA`></direccion_contribuyente><dia_emision>29</dia_emision><mes_emision>08</mes_emision><anio_emision>2019</anio_emision><valor_neto>10.00</valor_neto><total>11.20</total><iva>1.20</iva><descuento>0.00</descuento><monto_exento>0.00</monto_exento><estado>E</estado><tasa_cambio>1</tasa_cambio><detalle><definicion><descripcion><!`CDATA`MEDICINA`></descripcion><cantidad>2</cantidad><metrica>UNI</metrica><precio_unitario>5.60</precio_unitario><valor>11.20</valor></definicion></detalle><opcional><total_letras><!`CDATA`ONCE 20/100 QUETZALES`></total_letras></opcional></minimo></documento></plantilla>', NULL, b'1', 'Factura electronica ingresada exitosamente!', NULL, 'FACE-63-PRUEBA-001-190000000005', 'w5NlbLWF2ioecMkCQY1E12YrvWbHYODAqWVZEJOXQjLIbkd6OwBdhcNANxJr391V', NULL, NULL),
	(37, '2019-08-29 11:48:30', 'USUARIO', 'XMART-LAPTOP', '192.168.0.188', '3c-95-09-78-f4-b7', 'https://facturar.eforcon.com/eforconservice/Service1.asmx', 'mFacturaXML3', '2019-PRUEBA-ESET-1', 'FACE', 'PRUEBA', 6, '<?xml version="1.0" encoding="utf-8"?><plantilla><documento><minimo><resolucion>2019-PRUEBA-ESET-1</resolucion><serie>PRUEBA</serie><numero>6</numero><moneda>GTQ</moneda><identificador>FACE</identificador><nit_contribuyente><!`CDATA`67172`></nit_contribuyente><nombre_contribuyente><!`CDATA`FULANO`></nombre_contribuyente><direccion_contribuyente><!`CDATA`LA MISMA`></direccion_contribuyente><dia_emision>29</dia_emision><mes_emision>08</mes_emision><anio_emision>2019</anio_emision><valor_neto>10.00</valor_neto><total>11.20</total><iva>1.20</iva><descuento>0.00</descuento><monto_exento>0.00</monto_exento><estado>E</estado><tasa_cambio>1</tasa_cambio><detalle><definicion><descripcion><!`CDATA`MEDICINA`></descripcion><cantidad>2</cantidad><metrica>UNI</metrica><precio_unitario>5.60</precio_unitario><valor>11.20</valor></definicion></detalle><opcional><total_letras><!`CDATA`ONCE 20/100 QUETZALES`></total_letras></opcional></minimo></documento></plantilla>', NULL, b'1', 'Factura electronica ingresada exitosamente!', NULL, 'FACE-63-PRUEBA-001-190000000006', '8o764n5CBnyiKmpDVwgcGuzc34/lfO+bQq9NdzP1jsUtFtWiirBrgByS+YFzRtk3', NULL, NULL),
	(38, '2019-08-29 11:53:31', 'USUARIO', 'XMART-LAPTOP', '192.168.0.188', '3c-95-09-78-f4-b7', 'https://facturar.eforcon.com/eforconservice/Service1.asmx', 'mFacturaXML3', '2019-PRUEBA-ESET-1', 'FACE', 'PRUEBA', 7, '<?xml version="1.0" encoding="utf-8"?><plantilla><documento><minimo><resolucion>2019-PRUEBA-ESET-1</resolucion><serie>PRUEBA</serie><numero>7</numero><moneda>GTQ</moneda><identificador>FACE</identificador><nit_contribuyente><!`CDATA`67172`></nit_contribuyente><nombre_contribuyente><!`CDATA`FULANO`></nombre_contribuyente><direccion_contribuyente><!`CDATA`LA MISMA`></direccion_contribuyente><dia_emision>29</dia_emision><mes_emision>08</mes_emision><anio_emision>2019</anio_emision><valor_neto>10.00</valor_neto><total>11.20</total><iva>1.20</iva><descuento>0.00</descuento><monto_exento>0.00</monto_exento><estado>E</estado><tasa_cambio>1</tasa_cambio><detalle><definicion><descripcion><!`CDATA`MEDICINA`></descripcion><cantidad>2</cantidad><metrica>UNI</metrica><precio_unitario>5.60</precio_unitario><valor>11.20</valor></definicion></detalle><opcional><total_letras><!`CDATA`ONCE 20/100 QUETZALES`></total_letras></opcional></minimo></documento></plantilla>', NULL, b'1', 'Factura electronica ingresada exitosamente!', NULL, 'FACE-63-PRUEBA-001-190000000007', 'FS72zm4W99sDTULnXA+9m5Pg1F1KEEd60peEzJ4vdTCUPXDDNswmWl/izuxz3th3', NULL, NULL);
/*!40000 ALTER TABLE `logelecdocument` ENABLE KEYS */;

-- Volcando estructura para tabla facelec.serviceprovider
CREATE TABLE IF NOT EXISTS `serviceprovider` (
  `ProviderID` int(11) NOT NULL AUTO_INCREMENT,
  `Name` varchar(100) NOT NULL COMMENT 'Nombre de la empresa que provee el servicio',
  `CountryID` int(11) NOT NULL COMMENT 'Pais al que pertenece el proveedor del servicio',
  `ServiceURL` varchar(500) NOT NULL COMMENT 'URL del servicio de facturacion electronica',
  `ClassName` varchar(250) NOT NULL COMMENT 'Nombre de clase dentro de libreria de programa',
  `ProviderAuth` varchar(250) NOT NULL COMMENT 'Llave o ID de autenticacion para conectarse con el servicio',
  `XMLExample` text COMMENT 'Plantilla de XML solicitado',
  `OtherParameters` text COMMENT 'Parametros extra solicitados',
  PRIMARY KEY (`ProviderID`),
  KEY `CountryID` (`CountryID`)
) ENGINE=InnoDB AUTO_INCREMENT=4 DEFAULT CHARSET=utf8 COMMENT='Tabla de parametrizacion de proveedores de servicio de facturacion electronica';

-- Volcando datos para la tabla facelec.serviceprovider: ~3 rows (aproximadamente)
/*!40000 ALTER TABLE `serviceprovider` DISABLE KEYS */;
INSERT INTO `serviceprovider` (`ProviderID`, `Name`, `CountryID`, `ServiceURL`, `ClassName`, `ProviderAuth`, `XMLExample`, `OtherParameters`) VALUES
	(1, 'MegaPrint', 2, 'https://www.ifacere.com/lineapruebas/sso_wsefactura.asmx', 'Ifacere', '1003', NULL, NULL),
	(2, 'Infile', 2, 'https://www.ingface.net:443/listener/ingface', 'Ingface', '{ }', NULL, NULL),
	(3, 'Eforcon', 3, 'https://facturar.eforcon.com/eforconservice/Service1.asmx', 'Eforcon', '{ "user": "Tecnicoeset1", "password": "Forcon@2017" }', NULL, NULL);
/*!40000 ALTER TABLE `serviceprovider` ENABLE KEYS */;

/*!40101 SET SQL_MODE=IFNULL(@OLD_SQL_MODE, '') */;
/*!40014 SET FOREIGN_KEY_CHECKS=IF(@OLD_FOREIGN_KEY_CHECKS IS NULL, 1, @OLD_FOREIGN_KEY_CHECKS) */;
/*!40101 SET CHARACTER_SET_CLIENT=@OLD_CHARACTER_SET_CLIENT */;
